dimension,key,part_id,category,brand,name,spec_count,price_count,specs,suggested_keep,note
CPU-型号,cpu|amd|9334,109,CPU,AMD,AMD EPYC 9334,8,4,Cores=32; tdp=210; Base Clock=2.7 GHz; Boost Clock=3.9 GHz; L3 Cache=128 MB; Socket=SP5; Architecture=Zen 4; Memory Support=DDR5-4800 12-channel,YES,
CPU-型号,cpu|amd|9334,310,CPU,AMD,AMD  9334 32C/64T  2.7GHz,2,1,Cores=32; Base Clock=2.7 GHz,,
CPU-型号,cpu|amd|9354,111,CPU,AMD,AMD EPYC 9354,8,4,Cores=32; tdp=280; Base Clock=3.25 GHz; Boost Clock=3.8 GHz; L3 Cache=256 MB; Socket=SP5; Architecture=Zen 4; Memory Support=DDR5-4800 12-channel,YES,
CPU-型号,cpu|amd|9354,285,CPU,AMD,AMD  9354 32C/64T 3.55GHz,2,1,Cores=32; Base Clock=3.55 GHz,,
CPU-型号,cpu|amd|9554,114,CPU,AMD,AMD EPYC 9554 64C,2,2,tdp=360; Cores=64,YES,
CPU-型号,cpu|amd|9554,239,CPU,AMD,AMD 9554,2,1,Cores=64; tdp=360,,
CPU-型号,cpu|amd|9654,115,CPU,AMD,AMD EPYC 9654,2,4,tdp=360; Cores=96,YES,
CPU-型号,cpu|amd|9654,116,CPU,AMD,AMD EPYC 9654 96C,2,1,tdp=360; Cores=96,,
CPU-型号,cpu|amd|9654,234,CPU,AMD,AMD 9654,2,1,Cores=96; tdp=360,,
GPU-型号,gpu|nvidia|rtx_pro_5000,149,GPU,NVIDIA,Nvida RTX PRO 5000 72G 涡轮显卡,9,1,"Capacity=72 GB; tdp=300; Architecture=Blackwell; Memory Bandwidth=1,344 GB/s; Memory Interface=512-bit; Interface=PCIe 5.0 x16; Form Factor=4.4""x10.5""L, dual slot, full height; Cooling=Active; CUDA Cores=14,080",,"容量不同: 48,72"
GPU-型号,gpu|nvidia|rtx_pro_5000,158,GPU,NVIDIA,NVIDIA RTX PRO5000 48G,9,2,"Capacity=48 GB; tdp=300; Architecture=Blackwell; Memory Bandwidth=1,344 GB/s; Memory Interface=512-bit; Interface=PCIe 5.0 x16; Form Factor=4.4""x10.5""L, dual slot, full height; Cooling=Active; CUDA Cores=14,080",YES,"容量不同: 48,72"
GPU-型号,gpu|nvidia|rtx_pro_5000,162,GPU,NVIDIA,RTX PRO 5000 48G,9,1,"Capacity=48 GB; tdp=300; Architecture=Blackwell; Memory Bandwidth=1,344 GB/s; Memory Interface=512-bit; Interface=PCIe 5.0 x16; Form Factor=4.4""x10.5""L, dual slot, full height; Cooling=Active; CUDA Cores=14,080",,"容量不同: 48,72"
GPU-型号,gpu|nvidia|rtx_4090,150,GPU,NVIDIA,NVIDIA 4090涡轮卡,8,1,Capacity=24 GB; tdp=450; Architecture=Ada Lovelace; Memory Interface=384-bit; Interface=PCI Express Gen 4; Boost Clock=2.52; MSRP=1599.00; CUDA Cores=16384,YES,"容量不同: 24,48"
GPU-型号,gpu|nvidia|rtx_4090,159,GPU,NVIDIA,NVIDIA RTX4090 24G 涡轮卡,8,1,Capacity=24 GB; tdp=450; Architecture=Ada Lovelace; Memory Interface=384-bit; Interface=PCI Express Gen 4; Boost Clock=2.52; MSRP=1599.00; CUDA Cores=16384,,"容量不同: 24,48"
GPU-型号,gpu|nvidia|rtx_4090,160,GPU,NVIDIA,NVIDIA RTX4090 48G 涡轮卡,8,1,Capacity=24 GB; tdp=450; Architecture=Ada Lovelace; Memory Interface=384-bit; Interface=PCI Express Gen 4; Boost Clock=2.52; MSRP=1599.00; CUDA Cores=16384,,"容量不同: 24,48"
GPU-型号,gpu|nvidia|l20,152,GPU,NVIDIA,NVIDIA L20 48G,7,2,"Capacity=48 GB; tdp=300; Architecture=Ada Lovelace; Memory Bandwidth=864GB/s; Interface=PCIe CEM5 16-pin; Form Factor=4.4"" (H) x 10.5"" (L) Dual Slot; Cooling=Passive",YES,
GPU-型号,gpu|nvidia|l20,343,GPU,NVIDIA,NVIDIA L20,6,2,Type=GPU; Architecture=Ada Lovelace; Capacity=48 GB; Interface=PCIe Gen4 x16; Memory Bandwidth=864 GB/s; tdp=275,,
GPU-型号,gpu|nvidia|rtx_5090,155,GPU,NVIDIA,NVIDIA RTX 5090 涡轮卡,11,3,Capacity=32 GB; tdp=575; Architecture=Blackwell; Memory Bandwidth=1792 GB/sec; Memory Interface=512-bit; Interface=PCI Express Gen 5; Form Factor=2-Slot; Cooling=Advanced PCBs and thermal design with do; Boost Clock=2.41 GHz; MSRP=1999; CUDA Cores=21760,,
GPU-型号,gpu|nvidia|rtx_5090,196,GPU,NVIDIA,NVIDIA RTX5090 32G 涡轮卡,11,5,Capacity=32 GB; tdp=575; Architecture=Blackwell; Memory Bandwidth=1792 GB/sec; Memory Interface=512-bit; Interface=PCI Express Gen 5; Form Factor=2-Slot; Cooling=Advanced PCBs and thermal design with do; Boost Clock=2.41 GHz; MSRP=1999; CUDA Cores=21760,YES,
GPU-型号,gpu|nvidia|rtx_5090,291,GPU,NVIDIA,NVIDIA 5090 32G 涡轮,10,1,Capacity=32 GB; Boost Clock=2.41 GHz; Form Factor=2-Slot; tdp=575 W; Architecture=Blackwell; Interface=PCIe Gen5; Memory Bandwidth=1792 GB/s; Cooling=Active; Memory Interface=512-bit; CUDA Cores=21760,,
GPU-型号,gpu|nvidia|rtx_5090,335,GPU,NVIDIA,5090 32G涡轮,10,1,Cooling=Blower; Architecture=Blackwell; Boost Clock=2.41 GHz; Capacity=32 GB; CUDA Cores=21760; Form Factor=2-Slot; Interface=PCI Express Gen 5; Memory Bandwidth=1792 GB/sec; Memory Interface=512-bit; tdp=575,,
GPU-型号,gpu|nvidia|rtx_5090,356,GPU,NVIDIA,NVIDIA RTX 5090 32G,9,2,Capacity=32 GB; Architecture=Blackwell; Boost Clock=2.41 GHz; CUDA Cores=21760; Form Factor=2-Slot; Interface=PCI Express Gen 5; Memory Bandwidth=1792 GB/sec; Memory Interface=512-bit; tdp=575,,
GPU-型号,gpu|nvidia|rtx_5090,380,GPU,NVIDIA,NVIDIA 5090涡轮卡 32G,10,1,Capacity=32 GB; Cooling=Blower; Architecture=Blackwell; Boost Clock=2.41 GHz; CUDA Cores=21760; Form Factor=2-Slot; Interface=PCI Express Gen 5; Memory Bandwidth=1792 GB/sec; Memory Interface=512-bit; tdp=575,,
GPU-型号,gpu|壁仞|166c,165,GPU,壁仞,壁仞166C,1,1,Type=GPU,YES,容量未标注
GPU-型号,gpu|壁仞|166c,166,GPU,壁仞,壁仞BR166C及bridge,1,1,Type=GPU,,容量未标注
GPU-型号,gpu|沐曦|c500,168,GPU,沐曦,沐曦 C500,1,2,Type=GPU,YES,容量未标注
GPU-型号,gpu|沐曦|c500,179,GPU,沐曦,曦云C500,1,1,Type=GPU,,容量未标注
GPU-型号,gpu|天数智芯|zhikai100|base,175,GPU,天数智芯,天数智芯 智铠100,1,1,Type=GPU,YES,容量未标注
GPU-型号,gpu|天数智芯|zhikai100|base,184,GPU,天数智芯,智铠100,1,1,Type=GPU,,容量未标注
GPU-型号,gpu|天数智芯|zhikai100|duo,176,GPU,天数智芯,天数智芯 智铠100DUO,1,1,Type=GPU,,
GPU-型号,gpu|天数智芯|zhikai100|duo,183,GPU,天数智芯,智凯100duo,1,2,Type=GPU,YES,
GPU-型号,gpu|天数智芯|zhikai100|duo,320,GPU,天数智芯,天数智芯100DUO 单卡64G,1,1,Capacity=64 GB,,
GPU-型号,gpu|天数智芯|zhikai100|duo,371,GPU,天数智芯,天数100duo  64G,1,1,Capacity=64 GB,,
GPU-型号,gpu|天数智芯|zhikai100|duo,398,GPU,天数智芯,智铠100DUO 64G,1,1,Capacity=64 GB,,
GPU-型号,gpu|天数智芯|tianzhi_150,177,GPU,天数智芯,天数智芯150S 64G,1,1,Capacity=64 GB,,
GPU-型号,gpu|天数智芯|tianzhi_150,270,GPU,天数智芯,天数智芯 天垓150,5,1,"Capacity=64 GB; tdp=350; Architecture=通用GPU(SIMT,7nm); Memory Bandwidth=800 GB/s; Interface=PCIe Gen 4",YES,
GPU-型号,gpu|nvidia|h100,189,GPU,NVIDIA,NVIDIA GPU H100,7,1,tdp=700; cables_per=2; Capacity=80 GB; Architecture=Hopper; Memory Bandwidth=3.35TB/s / 3.9TB/s; Interface=NVIDIA NVLink™: 900GB/s / PCIe Gen5: 128; Form Factor=SXM / PCIe dual-slot air-cooled,YES,
GPU-型号,gpu|nvidia|h100,250,GPU,NVIDIA,NVIDIA H100 80G,6,1,Capacity=80 GB; tdp=700; Architecture=Hopper; Memory Bandwidth=3.35TB/s / 3.9TB/s; Interface=NVIDIA NVLink™: 900GB/s / PCIe Gen5: 128; Form Factor=SXM / PCIe dual-slot air-cooled,,
GPU-型号,gpu|nvidia|a800,190,GPU,NVIDIA,NVIDIA GPU A800,3,1,tdp=400; cables_per=2; Capacity=80 GB,YES,
GPU-型号,gpu|nvidia|a800,232,GPU,NVIDIA,NVIDIA A800 80G,1,1,Capacity=80 GB,,
GPU-型号,gpu|amd|r9700,201,GPU,AMD,AMD R9700,10,1,Capacity=32 GB GDDR6; tdp=300; Architecture=RDNA4; Memory Bandwidth=640 GB/s; Memory Interface=256-bit; Interface=PCIe® 5.0 x16; Form Factor=Desktops; Cooling=Active; Boost Clock=Up to 2920 MHz; Compute Units=64,,
GPU-型号,gpu|amd|r9700,254,GPU,AMD,AMD AI Pro R9700 32G,9,1,Capacity=32 GB; tdp=300; Architecture=RDNA4; Memory Bandwidth=640 GB/s; Memory Interface=256-bit; Interface=PCIe 5.0 x16; Cooling=Active; Compute Units=64; Boost Clock=2920 MHz,,
GPU-型号,gpu|amd|r9700,274,GPU,AMD,AMD PRO R9700 32G 涡轮卡,11,1,Capacity=32 GB; Compute Units=64; tdp=260; Architecture=RDNA 4; Memory Bandwidth=640 GB/s; Memory Interface=256-bit; Interface=PCIe Gen 5; Form Factor=2-Slot; Cooling=Active; Boost Clock=2.92 GHz; MSRP=1299 USD,YES,
GPU-型号,gpu|nvidia|rtx_pro_6000,237,GPU,NVIDIA,NVIDIA Pro6000 96G server edition,6,1,"Capacity=96 GB; tdp=600; Architecture=Blackwell; Memory Bandwidth=1792 GB/sec; Form Factor=5.4” H x 12.0” L, dual slot; Cooling=Double Flow Through",,
GPU-型号,gpu|nvidia|rtx_pro_6000,280,GPU,NVIDIA,NVIDIA RTX Pro6000 96G,11,2,Capacity=96 GB; tdp=600; Architecture=Blackwell; Memory Bandwidth=1792 GB/s; Memory Interface=512-bit; Interface=PCIe Gen 5; Form Factor=2-Slot; Cooling=Active; CUDA Cores=24064; Boost Clock=2.617 GHz; MSRP=8565 USD,YES,
GPU-型号,gpu|nvidia|rtx_pro_6000,332,GPU,NVIDIA,NVIDIA Pro6000 96G,6,1,"Capacity=96 GB; Architecture=Blackwell; Form Factor=5.4"" H x 12.0"" L, dual slot; Interface=PCIe 5.0 x16; Memory Bandwidth=1792 GB/sec; tdp=600",,
GPU-型号,gpu|昆仑芯|p800,400,GPU,昆仑芯,昆仑芯 P800 96G pcie,1,1,Capacity=96 GB,YES,
GPU-型号,gpu|昆仑芯|p800,409,GPU,昆仑芯,昆仑芯P800,1,1,Type=GPU,,
HDD/SSD-规格,storage|1920|nvme|ssd|||,1,HDD/SSD,,1.92T NVMe SSD,4,5,Capacity=1.92 TB; Type=NVMe; Media=SSD; Form Factor=U.2,YES,
HDD/SSD-规格,storage|1920|nvme|ssd|||,353,HDD/SSD,,NVME SSD 1.92T,3,1,Capacity=1.92 TB; Media=NVMe; Type=SSD,,
HDD/SSD-规格,storage|1920|sata|ssd|||,4,HDD/SSD,,1.92T SATA SSD,4,4,"Capacity=1.92 TB; Type=SATA; Media=SSD; Form Factor=2.5""",YES,
HDD/SSD-规格,storage|1920|sata|ssd|||,362,HDD/SSD,,1.92T SATA SDD,3,1,Capacity=1.92 TB; Media=SATA; Type=SSD,,
HDD/SSD-规格,storage|3840|nvme|ssd|||,56,HDD/SSD,,3.84T NVMe SSD,4,28,Capacity=3.84 TB; Type=NVMe; Media=SSD; Form Factor=U.2,YES,
HDD/SSD-规格,storage|3840|nvme|ssd|||,266,HDD/SSD,,3.84T NVMe 读取密集型,4,1,Capacity=3.84 TB; Type=NVMe; Media=SSD; Form Factor=U.2,,
HDD/SSD-规格,storage|3840|nvme|ssd|||,341,HDD/SSD,,3.84T NVMe SSD Raid1,3,1,Capacity=3.84 TB; Media=NVMe; Type=SSD,,
HDD/SSD-规格,storage|480|sata|ssd|||,74,HDD/SSD,,480G SATA SSD,4,26,"Capacity=480 GB; Type=SATA; Media=SSD; Form Factor=2.5""",YES,
HDD/SSD-规格,storage|480|sata|ssd|||,77,HDD/SSD,,480G SATA SSD 企业级,4,2,"Capacity=480 GB; Type=SATA; Media=SSD; Form Factor=2.5""",,
HDD/SSD-规格,storage|480|sata|ssd|||,247,HDD/SSD,,480G SATA SSD 读密集型,4,1,"Capacity=480 GB; Type=SATA; Media=SSD; Form Factor=2.5""",,
HDD/SSD-规格,storage|480|sata|ssd|||,387,HDD/SSD,,480GB SATA SSD,3,1,Capacity=480 GB; Media=SATA; Type=SSD,,
HDD/SSD-规格,storage|4000|sata|hdd|||,80,HDD/SSD,,4T SATA HDD,4,5,"Capacity=4 TB; Type=SATA; Media=HDD; Form Factor=3.5""",YES,
HDD/SSD-规格,storage|4000|sata|hdd|||,269,HDD/SSD,,4TB HDD （国产品牌）,3,1,"Capacity=4 TB; Media=HDD; Form Factor=3.5""",,
HDD/SSD-规格,storage|4000|sata|hdd|||,363,HDD/SSD,,4TB SATA HDD,3,1,Capacity=4 TB; Media=SATA; Type=HDD,,
HDD/SSD-规格,storage|6000|sata|hdd|||,91,HDD/SSD,,6T HDD SATA,4,2,"Capacity=6 TB; Type=SATA; Media=HDD; Form Factor=3.5""",YES,
HDD/SSD-规格,storage|6000|sata|hdd|||,345,HDD/SSD,,6T SATA HDD,3,1,Capacity=6 TB; Media=SATA; Type=HDD,,
HDD/SSD-规格,storage|7680|nvme|ssd|||,93,HDD/SSD,,7.68T NVMe SSD,4,10,Capacity=7.68 TB; Type=NVMe; Media=SSD; Form Factor=U.2,YES,
HDD/SSD-规格,storage|7680|nvme|ssd|||,379,HDD/SSD,,7.68T NVMe,2,1,Capacity=7.68 TB; Media=NVMe,,
HDD/SSD-规格,storage|960|sata|ssd|||,210,HDD/SSD,,960G SATA SSD,4,30,"Capacity=960 GB; Type=SATA; Media=SSD; Form Factor=2.5""",YES,
HDD/SSD-规格,storage|960|sata|ssd|||,265,HDD/SSD,,960G  SATA SSD 读取密集型,4,1,"Capacity=960 GB; Type=SATA; Media=SSD; Form Factor=2.5""",,
HDD/SSD-规格,storage|960|sata|ssd|||,297,HDD/SSD,,960 GB SATA SSD  DWPD *2,5,1,"Capacity=960 GB; Type=SATA; Media=SSD; Form Factor=2.5""; DWPD=2",,
HDD/SSD-规格,storage|960|sata|ssd|||,322,HDD/SSD,,960G SATA,2,1,Capacity=960 GB; Media=SATA,,
HDD/SSD-规格,storage|960|sata|ssd|||,338,HDD/SSD,,960GB SATA SSD企业级,3,1,Media=SATA; Type=SSD; Capacity=960 GB,,
HDD/SSD-规格,storage|8000|sata|hdd|||,304,HDD/SSD,,WUS721208BLE604 8T SATA HDD,4,4,"Capacity=8 TB; Type=SATA; Media=HDD; Form Factor=3.5""",YES,
HDD/SSD-规格,storage|8000|sata|hdd|||,329,HDD/SSD,,8T SATA HDD,3,3,Capacity=8 TB; Media=SATA; Type=HDD,,
HDD/SSD-规格,storage|8000|sata|hdd|||,388,HDD/SSD,,8TB SATA HDD,3,1,Capacity=8 TB; Media=SATA; Type=HDD,,
Memory-规格,memory|16|ddr4|3200,18,Memory,,16G DDR4 3200,3,1,Capacity=16 GB; Type=DDR4; Speed=3200 MT/s,,
Memory-规格,memory|16|ddr4|3200,340,Memory,,16G 3200 DDR4 RDIMM,4,1,Capacity=16 GB; DIMM Type=DDR4; Speed=3200 MT/s; Type=RDIMM,YES,
Memory-规格,memory|32|ddr5|5600,63,Memory,,32GB DDR5 5600MHz RDIMM,3,7,Capacity=32 GB; Type=DDR5; Speed=5600 MT/s,,
Memory-规格,memory|32|ddr5|5600,326,Memory,,32G 5600 DDR5 RDIMM,4,7,Capacity=32 GB; DIMM Type=DDR5; Speed=5600 MT/s; Type=RDIMM,YES,
Memory-规格,memory|64|ddr5|4800,87,Memory,,64G 4800 DDR5 RDIMM,3,20,Capacity=64 GB; Type=DDR5; Speed=4800 MT/s,YES,
Memory-规格,memory|64|ddr5|4800,206,Memory,,64G DDR5 4800MHz,3,1,Capacity=64 GB; Type=DDR5; Speed=4800 MT/s,,
Memory-规格,memory|64|ddr5|4800,286,Memory,,DDR5 4800 64G RDIMM ECC,5,1,Capacity=64 GB; Type=DDR5; Speed=4800 MT/s; DIMM Type=RDIMM; ECC=ECC,,
Memory-规格,memory|64|ddr5|4800,328,Memory,,64GB DDR5 4800MHz RDIMM,4,1,Capacity=64 GB; DIMM Type=DDR5; Speed=4800 MT/s; Type=RDIMM,,
Memory-规格,memory|64|ddr5|5600,88,Memory,,64G 5600 DDR5 RDIMM,3,16,Capacity=64 GB; Type=DDR5; Speed=5600 MT/s,YES,
Memory-规格,memory|64|ddr5|5600,337,Memory,,64GB DDR5 5600MT/s ECC RDIMM,5,1,Capacity=64 GB; DIMM Type=DDR5; Speed=5600 MT/s; ECC=Yes; Type=RDIMM,,
Memory-规格,memory|64|ddr5|5600,393,Memory,,64GB DDR5 5600MHz RDIMM,4,2,Capacity=64 GB; DIMM Type=DDR5; Speed=5600 MT/s; Type=RDIMM,,
Memory-规格,memory|32|ddr5|4800,268,Memory,,32G 4800MHz DDR5 RDIMM,4,15,Capacity=32 GB; Type=DDR5; Speed=4800 MT/s; DIMM Type=RDIMM,YES,
Memory-规格,memory|32|ddr5|4800,277,Memory,,32G 4800 DDR5,3,1,Capacity=32 GB; Type=DDR5; Speed=4800 MT/s,,
Memory-规格,memory|32|ddr5|4800,311,Memory,,DDR5 4800 32G RDIMM ECC,5,1,Capacity=32 GB; Type=DDR5; Speed=4800 MT/s; DIMM Type=RDIMM; ECC=ECC,,
Memory-规格,memory|32|ddr5|4800,378,Memory,,32G 4800 DDR5 RDIMM,4,2,Capacity=32 GB; DIMM Type=DDR5; Speed=4800 MT/s; Type=RDIMM,,
Memory-规格,memory|32|ddr5|4800,386,Memory,,32G 4800MT/s DDR5 RDIMM,4,1,Capacity=32 GB; DIMM Type=DDR5; Speed=4800 MT/s; Type=RDIMM,,
NIC-规格,nic|generic|10g|2||光,13,NIC,,10G 2port+光模块,3,16,Link Speed=10G; Ports=2; 接口=光口,YES,
NIC-规格,nic|generic|10g|2||光,369,NIC,,10G 2port network card+光模块,3,2,Link Speed=10G; Ports=2; Interface=Optical,,
NIC-规格,nic|generic|10g|2||光,391,NIC,,2端口 10G SFP+（含模块）,3,1,Link Speed=10G; Ports=2; Interface=Optical,,
NIC-规格,nic|generic|10g|2||光,406,NIC,,2光口 10G 网卡 （含模块）,3,1,Link Speed=10G; Ports=2; Interface=Optical,,
NIC-规格,nic|generic|10g|4||光,15,NIC,,10G 四口，不含光模块,3,1,Link Speed=10G; Ports=4; 接口=光口,YES,
NIC-规格,nic|generic|10g|4||光,83,NIC,,4口10G 光口网卡 + 单模光模块,3,1,Link Speed=10G; Ports=4; 接口=光口,,
NIC-规格,nic|generic|10g|4||光,361,NIC,,10G 4port+光模块,3,1,Link Speed=10G; Ports=4; Interface=Optical,,
NIC-规格,nic|i350|1g|2||,23,NIC,Intel,1G I350 2port,3,11,Link Speed=1G; Ports=2; 接口=光口,YES,
NIC-规格,nic|i350|1g|2||,275,NIC,,双口1G i350网卡,3,1,Ports=2; Link Speed=1G; 接口=I350,,
NIC-规格,nic|i350|1g|2||,281,NIC,Intel,1G Intel I350 2port,3,2,Ports=2; Link Speed=1G; 接口=I350,,
NIC-规格,nic|i350|1g|4|ocp|,28,NIC,Intel,1G Intel I350 4port OCP3.0,3,6,Link Speed=1G; Ports=4; 接口=OCP,YES,
NIC-规格,nic|i350|1g|4|ocp|,317,NIC,Intel,1G Intel I350 4port OCP,3,1,Ports=4; Link Speed=1G; 接口=I350,,
NIC-规格,nic|generic|25g|2||光,39,NIC,,25G 2port，支持IB/RoCE + 2个100G多模光模块,3,1,Link Speed=25G; Ports=2; 接口=光口,,
NIC-规格,nic|generic|25g|2||光,43,NIC,,25G 2Port网卡+光模块,3,3,Link Speed=25G; Ports=2; 接口=光口,,
NIC-规格,nic|generic|25g|2||光,44,NIC,Mellanox,25G 2port+光模块,3,21,Link Speed=25G; Ports=2; 接口=光口,YES,
NIC-规格,nic|generic|25g|2||光,302,NIC,,25G 2port network card +optical module,2,1,Ports=2; Link Speed=25G,,
NIC-规格,nic|generic|25g|2||光,313,NIC,,25G 双口网卡（含光模块）,2,1,Ports=2; Link Speed=25G,,
NIC-规格,nic|generic|25g|2||光,367,NIC,,25G 2port network card+光模块,3,1,Link Speed=25G; Ports=2; Interface=Optical,,
NIC-规格,nic|generic|25g|2||光,381,NIC,,双口25G SFP28光口卡,3,1,Link Speed=25G; Ports=28; Interface=Optical,,
NIC-规格,nic|generic|25g|2||光,396,NIC,,25G 2Port  IB/RoCE可选，(带光模块),3,1,Link Speed=25G; Ports=2; Interface=Optical,,
NIC-规格,nic|generic|25g|2||光,408,NIC,,2口 25G光卡（含模块）,3,1,Link Speed=25G; Ports=2; Interface=Optical,,
NIC-规格,nic|generic|25g|2|ocp|光,41,NIC,,25G 2port+光模块 OCP,3,1,Link Speed=25G; Ports=2; 接口=OCP,YES,
NIC-规格,nic|generic|25g|2|ocp|光,246,NIC,,25G 2port+光模块 OCP3.0,3,1,Link Speed=25G; Ports=2; 接口=OCP,,
NIC-规格,nic|cx7|400g|1||光,69,NIC,Mellanox,400G 1port MCX75310AAS+光模块,3,1,Link Speed=400G; Ports=1; 接口=光口,YES,
NIC-规格,nic|cx7|400g|1||光,120,NIC,Mellanox,HCA_1port_NDR400G_MCX75310AAS+光模块,3,1,Link Speed=400G; Ports=1; 接口=光口,,
NIC-规格,nic|i350|1g|4||,213,NIC,Intel,1G Intel I350 4port,3,4,Link Speed=1G; Ports=4; 接口=光口,YES,
NIC-规格,nic|i350|1g|4||,358,NIC,Intel,1G I350 4port,2,1,Link Speed=1G; Ports=4,,
NIC-规格,nic|i350|1g|4||,366,NIC,Intel,1G I350 4port network card,2,2,Link Speed=1G; Ports=4,,
NIC-规格,nic|cx6|25g|2||光,242,NIC,Mellanox,"ConnectX‑6 Dx dual 25G SFP28 + optical module (supportJumbo Frame (MTU) t No less than 9,000 bytes Input/Output Virtualization (SR-IOV)",2,1,Link Speed=25G; 接口=光口,,
NIC-规格,nic|cx6|25g|2||光,290,NIC,Mellanox,CX6 25G 双口（含模块）,3,1,Ports=2; Link Speed=25G; 接口=CX6,,
NIC-规格,nic|cx6|25g|2||光,309,NIC,Mellanox,25G CX6 2port+光模块,3,2,Ports=2; Link Speed=25G; 接口=CX6,YES,
NIC-规格,nic|cx6|25g|2||光,402,NIC,Mellanox,"NVIDIA Mellanox CX6 Lx EN adapter card, 25GbE, 2port SFP28",3,1,Link Speed=25G; Ports=2; Interface=Optical,,
NIC-规格,nic|x710|10g|2||光,276,NIC,Intel,双口10G  X710 网卡 +光模块,3,2,Ports=2; Link Speed=10G; 接口=X710,YES,
NIC-规格,nic|x710|10g|2||光,299,NIC,Intel,Intel X710，双口 10G （含模块）,3,1,Ports=2; Link Speed=10G; 接口=X710,,
NIC-规格,nic|x710|10g|2||光,327,NIC,Intel,10G Intel X710 2port+光模块,3,1,Link Speed=10G; Ports=2; Interface=Optical,,
NIC-规格,nic|x710|10g|4||光,282,NIC,Intel,10G X710 4port+多模光模块,3,1,Ports=4; Link Speed=10G; 接口=X710,YES,
NIC-规格,nic|x710|10g|4||光,331,NIC,Intel,Intel X710，四口 10G （含模块）,2,1,Link Speed=10G; Ports=4,,
NIC-规格,nic|generic|100g|2||,355,NIC,,100G 2Port,2,4,Link Speed=100G; Ports=2,YES,
NIC-规格,nic|generic|100g|2||,377,NIC,,双口100G 网卡,2,1,Link Speed=100G; Ports=2,,
RAID/HBA-型号,raidhba|9361-16i|2g,134,Raid card,LSI,LSI 9361-16i 2G,3,2,Cache=2 GB; Ports=16; 电容=无,YES,
RAID/HBA-型号,raidhba|9361-16i|2g,135,Raid card,LSI,LSI 9361-16I 2G cache，含电容,3,1,Cache=2 GB; Ports=16; 电容=有,,
RAID/HBA-型号,raidhba|9361-16i|2g,334,Raid card,LSI,"9361-16i  ≥2G缓存,含电池",3,1,Type=RAID; Cache=2G; Ports=16,,
RAID/HBA-型号,raidhba|9361-16i|2g,351,Raid card,LSI,LSI 9361-16i 2G+超级电容,2,1,Type=RAID; Ports=16,,
RAID/HBA-型号,raidhba|9361-8i|base,136,Raid card,LSI,LSI 9361-8i,2,9,Ports=8; 电容=无,YES,
RAID/HBA-型号,raidhba|9361-8i|base,324,Raid card,LSI,9361 8i,2,1,Type=RAID; Ports=8,,
RAID/HBA-型号,raidhba|9361-8i|1g,137,Raid card,LSI,LSI 9361-8i 1G cache + supercap,3,1,Cache=1 GB; Ports=8; 电容=有,,
RAID/HBA-型号,raidhba|9361-8i|1g,192,Raid card,LSI,LSI 9361-8i 1G cache,3,5,Cache=1 GB; Ports=8; 电容=无,YES,
RAID/HBA-型号,raidhba|9361-8i|1g,389,Raid card,LSI,LSI 9361-8i  1G cache + cachevault(BBU/supercap),3,1,Type=RAID; Cache=1G; Ports=8,,
RAID/HBA-型号,raidhba|9361-8i|2g,138,Raid card,LSI,LSI 9361-8i 2G,3,4,Cache=2 GB; Ports=8; 电容=无,YES,
RAID/HBA-型号,raidhba|9361-8i|2g,139,Raid card,LSI,LSI 9361-8I 2G cache，含电容,3,1,Cache=2 GB; Ports=8; 电容=有,,
RAID/HBA-型号,raidhba|9361-8i|2g,140,Raid card,LSI,LSI 9361-8i 2G+super-capacitor,3,1,Cache=2 GB; Ports=8; 电容=有,,
RAID/HBA-型号,raidhba|9361-8i|2g,248,Raid card,LSI,LSI 9361-8i 2G+超级电容,3,1,Cache=2 GB; Ports=8; 电容=有,,
RAID/HBA-型号,raidhba|9361-8i|2g,273,Raid card,LSI,LSI 9361-8i 2G cache + supercap,3,1,Cache=2 GB; 电容=有; Ports=8,,
RAID/HBA-型号,raidhba|9361-8i|2g,330,Raid card,LSI,LSI 9361-8i 2G 含掉电保护模块,3,1,Type=RAID; Cache=2G; Ports=8,,
RAID/HBA-型号,raidhba|9361-8i|2g,346,Raid card,LSI,LSI 9361-8i 2G 带超级电容,2,1,Type=RAID; Ports=8,,
RAID/HBA-型号,raidhba|9361-8i|2g,394,Raid card,LSI,LSI 9361-8i 2G 含超级电容,3,1,Type=RAID; Cache=2G; Ports=8,,
RAID/HBA-型号,raidhba|9540-8i|base,143,Raid card,LSI,LSI 9540-8i,2,6,Ports=8; 电容=无,YES,
RAID/HBA-型号,raidhba|9540-8i|base,289,Raid card,LSI,9540-8i,1,1,Ports=8,,
RAID/HBA-型号,raidhba|9540-8i|base,294,Raid card,LSI,LSI 9540-8i  for SATA SSD,1,1,Ports=8,,
RAID/HBA-型号,raidhba|9560-16i|4g,144,Raid card,LSI,LSI 9560-16i 4G,3,1,Cache=4 GB; Ports=16; 电容=无,YES,"跨分类: HBA,Raid card"
RAID/HBA-型号,raidhba|9560-16i|4g,298,Raid card,LSI,"9560-16i  ≥4G缓存,含电池",2,1,Cache=4 GB; Ports=16,,"跨分类: HBA,Raid card"
RAID/HBA-型号,raidhba|9560-16i|4g,359,HBA,LSI,LSI 9560-16i 4G 含超级电容,3,1,Type=HBA; Cache=4G; Ports=16,,"跨分类: HBA,Raid card"
RAID/HBA-型号,raidhba|9560-8i|base,145,Raid card,LSI,LSI 9560-8i,2,8,Ports=8; 电容=无,YES,
RAID/HBA-型号,raidhba|9560-8i|base,148,Raid card,LSI,LSI 9560-8i+super-capacitor,2,1,Ports=8; 电容=有,,
RAID/HBA-型号,raidhba|9560-8i|4g,146,Raid card,LSI,LSI 9560-8i 4G,3,1,Cache=4 GB; Ports=8; 电容=无,,
RAID/HBA-型号,raidhba|9560-8i|4g,147,Raid card,LSI,LSI 9560-8I 4G+超级电容,3,2,Cache=4 GB; Ports=8; 电容=有,YES,
RAID/HBA-型号,raidhba|9560-8i|4g,236,Raid card,LSI,LSI 9560-8I 4G cache,3,2,Cache=4 GB; Ports=8; 电容=无,,
RAID/HBA-型号,raidhba|9560-8i|4g,245,Raid card,LSI,LSI 9560-8i 4G+超级电容+支架,3,1,Cache=4 GB; Ports=8; 电容=有,,
RAID/HBA-型号,raidhba|9560-8i|4g,295,Raid card,LSI,LSI 9560-8i 4G cache   for NVMe,2,1,Cache=4 GB; Ports=8,,
RAID/HBA-型号,raidhba|9560-8i|4g,300,Raid card,LSI,9560‑8i 4G缓存，含电池,2,1,Cache=4 GB; Ports=8,,
RAID/HBA-型号,raidhba|9560-8i|4g,399,Raid card,LSI,LSI 9560-8i 4G 含超级电容,3,1,Type=RAID; Cache=4G; Ports=8,,
RAID/HBA-型号,raidhba|9560-16i|base,230,Raid card,LSI,LSI 9560-16i,2,5,Ports=16; 电容=无,YES,
RAID/HBA-型号,raidhba|9560-16i|base,314,Raid card,LSI,9560-16i  含超级电容,2,1,Ports=16; 电容=有,,
跨分类-FC HBA,fc_hba|16gfc|2port,119,NIC,,FC HBA 16GFC 双口+模块,2,1,Ports=2; 接口=光口,,"跨分类: NIC,HBA"
跨分类-FC HBA,fc_hba|16gfc|2port,384,HBA,,双口16G FC HBA+光模块,3,1,Link Speed=16G; Ports=2; Interface=FC,YES,"跨分类: NIC,HBA"
